<Configuration>

  <Add OfficeClientEdition="32">
    <Product ID="ProPlus2021Volume">
      <Language ID="en-us" />
      <ExcludeApp ID="Lync" />
      <ExcludeApp ID="Teams" />
      <ExcludeApp ID="Access" />
      <ExcludeApp ID="OneDrive" />
      <ExcludeApp ID="OneNote" />
      <ExcludeApp ID="Outlook" />
      <ExcludeApp ID="Publisher" />
    </Product>
  </Add>
  <Property Name="FORCEAPPSHUTDOWN" Value="TRUE" />
  <Display Level="Full" AcceptEULA="TRUE" />
  <Updates Enabled="TRUE" />
  <RemoveMSI />

</Configuration>
